./datasets/80Archivos/dna_00;resink;0;0.778065;
./datasets/80Archivos/dna_02;resink;0;0.778065;
./datasets/80Archivos/dna_05;resink;0;0.778065;
./datasets/80Archivos/dna_08;resink;0;0.778065;
./datasets/80Archivos/dna_12;resink;0;0.778065;
./datasets/80Archivos/dna_16;resink;0;0.778065;
./datasets/80Archivos/dna_18;resink;0;0.778065;
./datasets/80Archivos/dna_20;resink;0;0.778065;
./datasets/80Archivos/dna_22;resink;0;0.778065;
./datasets/80Archivos/dna_23;resink;0;0.778065;
./datasets/80Archivos/dna_00;transversomedial;0;0.637705;
./datasets/80Archivos/dna_02;transversomedial;0;0.637705;
./datasets/80Archivos/dna_05;transversomedial;0;0.637705;
./datasets/80Archivos/dna_08;transversomedial;0;0.637705;
./datasets/80Archivos/dna_12;transversomedial;0;0.637705;
./datasets/80Archivos/dna_16;transversomedial;0;0.637705;
./datasets/80Archivos/dna_18;transversomedial;0;0.637705;
./datasets/80Archivos/dna_20;transversomedial;0;0.637705;
./datasets/80Archivos/dna_22;transversomedial;0;0.637705;
./datasets/80Archivos/dna_23;transversomedial;0;0.637705;
./datasets/80Archivos/dna_00;pharyngopathy;0;0.652563;
./datasets/80Archivos/dna_02;pharyngopathy;0;0.652563;
./datasets/80Archivos/dna_05;pharyngopathy;0;0.652563;
./datasets/80Archivos/dna_08;pharyngopathy;0;0.652563;
./datasets/80Archivos/dna_12;pharyngopathy;0;0.652563;
./datasets/80Archivos/dna_16;pharyngopathy;0;0.652563;
./datasets/80Archivos/dna_18;pharyngopathy;0;0.652563;
./datasets/80Archivos/dna_20;pharyngopathy;0;0.652563;
./datasets/80Archivos/dna_22;pharyngopathy;0;0.652563;
./datasets/80Archivos/dna_23;pharyngopathy;0;0.652563;
./datasets/80Archivos/dna_00;postmineral;0;0.658625;
./datasets/80Archivos/dna_02;postmineral;0;0.658625;
./datasets/80Archivos/dna_05;postmineral;0;0.658625;
./datasets/80Archivos/dna_08;postmineral;0;0.658625;
./datasets/80Archivos/dna_12;postmineral;0;0.658625;
./datasets/80Archivos/dna_16;postmineral;0;0.658625;
./datasets/80Archivos/dna_18;postmineral;0;0.658625;
./datasets/80Archivos/dna_20;postmineral;0;0.658625;
./datasets/80Archivos/dna_22;postmineral;0;0.658625;
./datasets/80Archivos/dna_23;postmineral;0;0.658625;
./datasets/80Archivos/dna_00;myelosyphilis;0;0.639145;
./datasets/80Archivos/dna_02;myelosyphilis;0;0.639145;
./datasets/80Archivos/dna_05;myelosyphilis;0;0.639145;
./datasets/80Archivos/dna_08;myelosyphilis;0;0.639145;
./datasets/80Archivos/dna_12;myelosyphilis;0;0.639145;
./datasets/80Archivos/dna_16;myelosyphilis;0;0.639145;
./datasets/80Archivos/dna_18;myelosyphilis;0;0.639145;
./datasets/80Archivos/dna_20;myelosyphilis;0;0.639145;
./datasets/80Archivos/dna_22;myelosyphilis;0;0.639145;
./datasets/80Archivos/dna_23;myelosyphilis;0;0.639145;
./datasets/80Archivos/dna_00;silverer;0;0.693626;
./datasets/80Archivos/dna_02;silverer;0;0.693626;
./datasets/80Archivos/dna_05;silverer;0;0.693626;
./datasets/80Archivos/dna_08;silverer;0;0.693626;
./datasets/80Archivos/dna_12;silverer;0;0.693626;
./datasets/80Archivos/dna_16;silverer;0;0.693626;
./datasets/80Archivos/dna_18;silverer;0;0.693626;
./datasets/80Archivos/dna_20;silverer;0;0.693626;
./datasets/80Archivos/dna_22;silverer;0;0.693626;
./datasets/80Archivos/dna_23;silverer;0;0.693626;
./datasets/80Archivos/dna_00;evincement;0;0.669629;
./datasets/80Archivos/dna_02;evincement;0;0.669629;
./datasets/80Archivos/dna_05;evincement;0;0.669629;
./datasets/80Archivos/dna_08;evincement;0;0.669629;
./datasets/80Archivos/dna_12;evincement;0;0.669629;
./datasets/80Archivos/dna_16;evincement;0;0.669629;
./datasets/80Archivos/dna_18;evincement;0;0.669629;
./datasets/80Archivos/dna_20;evincement;0;0.669629;
./datasets/80Archivos/dna_22;evincement;0;0.669629;
./datasets/80Archivos/dna_23;evincement;0;0.669629;
./datasets/80Archivos/dna_00;phrygium;0;0.694099;
./datasets/80Archivos/dna_02;phrygium;0;0.694099;
./datasets/80Archivos/dna_05;phrygium;0;0.694099;
./datasets/80Archivos/dna_08;phrygium;0;0.694099;
./datasets/80Archivos/dna_12;phrygium;0;0.694099;
./datasets/80Archivos/dna_16;phrygium;0;0.694099;
./datasets/80Archivos/dna_18;phrygium;0;0.694099;
./datasets/80Archivos/dna_20;phrygium;0;0.694099;
./datasets/80Archivos/dna_22;phrygium;0;0.694099;
./datasets/80Archivos/dna_23;phrygium;0;0.694099;
./datasets/80Archivos/dna_00;punnigram;0;0.703599;
./datasets/80Archivos/dna_02;punnigram;0;0.703599;
./datasets/80Archivos/dna_05;punnigram;0;0.703599;
./datasets/80Archivos/dna_08;punnigram;0;0.703599;
./datasets/80Archivos/dna_12;punnigram;0;0.703599;
./datasets/80Archivos/dna_16;punnigram;0;0.703599;
./datasets/80Archivos/dna_18;punnigram;0;0.703599;
./datasets/80Archivos/dna_20;punnigram;0;0.703599;
./datasets/80Archivos/dna_22;punnigram;0;0.703599;
./datasets/80Archivos/dna_23;punnigram;0;0.703599;
./datasets/80Archivos/dna_00;imminution;0;0.66463;
./datasets/80Archivos/dna_02;imminution;0;0.66463;
./datasets/80Archivos/dna_05;imminution;0;0.66463;
./datasets/80Archivos/dna_08;imminution;0;0.66463;
./datasets/80Archivos/dna_12;imminution;0;0.66463;
./datasets/80Archivos/dna_16;imminution;0;0.66463;
./datasets/80Archivos/dna_18;imminution;0;0.66463;
./datasets/80Archivos/dna_20;imminution;0;0.66463;
./datasets/80Archivos/dna_22;imminution;0;0.66463;
./datasets/80Archivos/dna_23;imminution;0;0.66463;
./datasets/80Archivos/dna_00;environmental;0;0.640647;
./datasets/80Archivos/dna_02;environmental;0;0.640647;
./datasets/80Archivos/dna_05;environmental;0;0.640647;
./datasets/80Archivos/dna_08;environmental;0;0.640647;
./datasets/80Archivos/dna_12;environmental;0;0.640647;
./datasets/80Archivos/dna_16;environmental;0;0.640647;
./datasets/80Archivos/dna_18;environmental;0;0.640647;
./datasets/80Archivos/dna_20;environmental;0;0.640647;
./datasets/80Archivos/dna_22;environmental;0;0.640647;
./datasets/80Archivos/dna_23;environmental;0;0.640647;
./datasets/80Archivos/dna_00;sleepify;0;0.69811;
./datasets/80Archivos/dna_02;sleepify;0;0.69811;
./datasets/80Archivos/dna_05;sleepify;0;0.69811;
./datasets/80Archivos/dna_08;sleepify;0;0.69811;
./datasets/80Archivos/dna_12;sleepify;0;0.69811;
./datasets/80Archivos/dna_16;sleepify;0;0.69811;
./datasets/80Archivos/dna_18;sleepify;0;0.69811;
./datasets/80Archivos/dna_20;sleepify;0;0.69811;
./datasets/80Archivos/dna_22;sleepify;0;0.69811;
./datasets/80Archivos/dna_23;sleepify;0;0.69811;
./datasets/80Archivos/dna_00;nope;0;0.837036;
./datasets/80Archivos/dna_02;nope;0;0.837036;
./datasets/80Archivos/dna_05;nope;0;0.837036;
./datasets/80Archivos/dna_08;nope;0;0.837036;
./datasets/80Archivos/dna_12;nope;0;0.837036;
./datasets/80Archivos/dna_16;nope;0;0.837036;
./datasets/80Archivos/dna_18;nope;0;0.837036;
./datasets/80Archivos/dna_20;nope;0;0.837036;
./datasets/80Archivos/dna_22;nope;0;0.837036;
./datasets/80Archivos/dna_23;nope;0;0.837036;
./datasets/80Archivos/dna_00;wauken;0;0.739084;
./datasets/80Archivos/dna_02;wauken;0;0.739084;
./datasets/80Archivos/dna_05;wauken;0;0.739084;
./datasets/80Archivos/dna_08;wauken;0;0.739084;
./datasets/80Archivos/dna_12;wauken;0;0.739084;
./datasets/80Archivos/dna_16;wauken;0;0.739084;
./datasets/80Archivos/dna_18;wauken;0;0.739084;
./datasets/80Archivos/dna_20;wauken;0;0.739084;
./datasets/80Archivos/dna_22;wauken;0;0.739084;
./datasets/80Archivos/dna_23;wauken;0;0.739084;
./datasets/80Archivos/dna_00;indignance;0;0.662631;
./datasets/80Archivos/dna_02;indignance;0;0.662631;
./datasets/80Archivos/dna_05;indignance;0;0.662631;
./datasets/80Archivos/dna_08;indignance;0;0.662631;
./datasets/80Archivos/dna_12;indignance;0;0.662631;
./datasets/80Archivos/dna_16;indignance;0;0.662631;
./datasets/80Archivos/dna_18;indignance;0;0.662631;
./datasets/80Archivos/dna_20;indignance;0;0.662631;
./datasets/80Archivos/dna_22;indignance;0;0.662631;
./datasets/80Archivos/dna_23;indignance;0;0.662631;
./datasets/80Archivos/dna_00;knotwort;0;0.691773;
./datasets/80Archivos/dna_02;knotwort;0;0.691773;
./datasets/80Archivos/dna_05;knotwort;0;0.691773;
./datasets/80Archivos/dna_08;knotwort;0;0.691773;
./datasets/80Archivos/dna_12;knotwort;0;0.691773;
./datasets/80Archivos/dna_16;knotwort;0;0.691773;
./datasets/80Archivos/dna_18;knotwort;0;0.691773;
./datasets/80Archivos/dna_20;knotwort;0;0.691773;
./datasets/80Archivos/dna_22;knotwort;0;0.691773;
./datasets/80Archivos/dna_23;knotwort;0;0.691773;
./datasets/80Archivos/dna_00;apocodeine;0;0.699124;
./datasets/80Archivos/dna_02;apocodeine;0;0.699124;
./datasets/80Archivos/dna_05;apocodeine;0;0.699124;
./datasets/80Archivos/dna_08;apocodeine;0;0.699124;
./datasets/80Archivos/dna_12;apocodeine;0;0.699124;
./datasets/80Archivos/dna_16;apocodeine;0;0.699124;
./datasets/80Archivos/dna_18;apocodeine;0;0.699124;
./datasets/80Archivos/dna_20;apocodeine;0;0.699124;
./datasets/80Archivos/dna_22;apocodeine;0;0.699124;
./datasets/80Archivos/dna_23;apocodeine;0;0.699124;
./datasets/80Archivos/dna_00;escortee;0;0.714615;
./datasets/80Archivos/dna_02;escortee;0;0.714615;
./datasets/80Archivos/dna_05;escortee;0;0.714615;
./datasets/80Archivos/dna_08;escortee;0;0.714615;
./datasets/80Archivos/dna_12;escortee;0;0.714615;
./datasets/80Archivos/dna_16;escortee;0;0.714615;
./datasets/80Archivos/dna_18;escortee;0;0.714615;
./datasets/80Archivos/dna_20;escortee;0;0.714615;
./datasets/80Archivos/dna_22;escortee;0;0.714615;
./datasets/80Archivos/dna_23;escortee;0;0.714615;
./datasets/80Archivos/dna_00;dogwatch;0;0.710588;
./datasets/80Archivos/dna_02;dogwatch;0;0.710588;
./datasets/80Archivos/dna_05;dogwatch;0;0.710588;
./datasets/80Archivos/dna_08;dogwatch;0;0.710588;
./datasets/80Archivos/dna_12;dogwatch;0;0.710588;
./datasets/80Archivos/dna_16;dogwatch;0;0.710588;
./datasets/80Archivos/dna_18;dogwatch;0;0.710588;
./datasets/80Archivos/dna_20;dogwatch;0;0.710588;
./datasets/80Archivos/dna_22;dogwatch;0;0.710588;
./datasets/80Archivos/dna_23;dogwatch;0;0.710588;
./datasets/80Archivos/dna_00;eaglewood;0;0.690604;
./datasets/80Archivos/dna_02;eaglewood;0;0.690604;
./datasets/80Archivos/dna_05;eaglewood;0;0.690604;
./datasets/80Archivos/dna_08;eaglewood;0;0.690604;
./datasets/80Archivos/dna_12;eaglewood;0;0.690604;
./datasets/80Archivos/dna_16;eaglewood;0;0.690604;
./datasets/80Archivos/dna_18;eaglewood;0;0.690604;
./datasets/80Archivos/dna_20;eaglewood;0;0.690604;
./datasets/80Archivos/dna_22;eaglewood;0;0.690604;
./datasets/80Archivos/dna_23;eaglewood;0;0.690604;
./datasets/80Archivos/dna_00;unbrotherliness;0;0.630659;
./datasets/80Archivos/dna_02;unbrotherliness;0;0.630659;
./datasets/80Archivos/dna_05;unbrotherliness;0;0.630659;
./datasets/80Archivos/dna_08;unbrotherliness;0;0.630659;
./datasets/80Archivos/dna_12;unbrotherliness;0;0.630659;
./datasets/80Archivos/dna_16;unbrotherliness;0;0.630659;
./datasets/80Archivos/dna_18;unbrotherliness;0;0.630659;
./datasets/80Archivos/dna_20;unbrotherliness;0;0.630659;
./datasets/80Archivos/dna_22;unbrotherliness;0;0.630659;
./datasets/80Archivos/dna_23;unbrotherliness;0;0.630659;
./datasets/80Archivos/dna_00;mulse;0;0.788532;
./datasets/80Archivos/dna_02;mulse;0;0.788532;
./datasets/80Archivos/dna_05;mulse;0;0.788532;
./datasets/80Archivos/dna_08;mulse;0;0.788532;
./datasets/80Archivos/dna_12;mulse;0;0.788532;
./datasets/80Archivos/dna_16;mulse;0;0.788532;
./datasets/80Archivos/dna_18;mulse;0;0.788532;
./datasets/80Archivos/dna_20;mulse;0;0.788532;
./datasets/80Archivos/dna_22;mulse;0;0.788532;
./datasets/80Archivos/dna_23;mulse;0;0.788532;
./datasets/80Archivos/dna_00;dermobranchiata;0;0.627647;
./datasets/80Archivos/dna_02;dermobranchiata;0;0.627647;
./datasets/80Archivos/dna_05;dermobranchiata;0;0.627647;
./datasets/80Archivos/dna_08;dermobranchiata;0;0.627647;
./datasets/80Archivos/dna_12;dermobranchiata;0;0.627647;
./datasets/80Archivos/dna_16;dermobranchiata;0;0.627647;
./datasets/80Archivos/dna_18;dermobranchiata;0;0.627647;
./datasets/80Archivos/dna_20;dermobranchiata;0;0.627647;
./datasets/80Archivos/dna_22;dermobranchiata;0;0.627647;
./datasets/80Archivos/dna_23;dermobranchiata;0;0.627647;
./datasets/80Archivos/dna_00;typhic;0;0.749571;
./datasets/80Archivos/dna_02;typhic;0;0.749571;
./datasets/80Archivos/dna_05;typhic;0;0.749571;
./datasets/80Archivos/dna_08;typhic;0;0.749571;
./datasets/80Archivos/dna_12;typhic;0;0.749571;
./datasets/80Archivos/dna_16;typhic;0;0.749571;
./datasets/80Archivos/dna_18;typhic;0;0.749571;
./datasets/80Archivos/dna_20;typhic;0;0.749571;
./datasets/80Archivos/dna_22;typhic;0;0.749571;
./datasets/80Archivos/dna_23;typhic;0;0.749571;
./datasets/80Archivos/dna_00;poststertorous;0;0.632157;
./datasets/80Archivos/dna_02;poststertorous;0;0.632157;
./datasets/80Archivos/dna_05;poststertorous;0;0.632157;
./datasets/80Archivos/dna_08;poststertorous;0;0.632157;
./datasets/80Archivos/dna_12;poststertorous;0;0.632157;
./datasets/80Archivos/dna_16;poststertorous;0;0.632157;
./datasets/80Archivos/dna_18;poststertorous;0;0.632157;
./datasets/80Archivos/dna_20;poststertorous;0;0.632157;
./datasets/80Archivos/dna_22;poststertorous;0;0.632157;
./datasets/80Archivos/dna_23;poststertorous;0;0.632157;
./datasets/80Archivos/dna_00;indevout;0;0.698598;
./datasets/80Archivos/dna_02;indevout;0;0.698598;
./datasets/80Archivos/dna_05;indevout;0;0.698598;
./datasets/80Archivos/dna_08;indevout;0;0.698598;
./datasets/80Archivos/dna_12;indevout;0;0.698598;
./datasets/80Archivos/dna_16;indevout;0;0.698598;
./datasets/80Archivos/dna_18;indevout;0;0.698598;
./datasets/80Archivos/dna_20;indevout;0;0.698598;
./datasets/80Archivos/dna_22;indevout;0;0.698598;
./datasets/80Archivos/dna_23;indevout;0;0.698598;
./datasets/80Archivos/dna_00;anatomicopathologic;0;0.614662;
./datasets/80Archivos/dna_02;anatomicopathologic;0;0.614662;
./datasets/80Archivos/dna_05;anatomicopathologic;0;0.614662;
./datasets/80Archivos/dna_08;anatomicopathologic;0;0.614662;
./datasets/80Archivos/dna_12;anatomicopathologic;0;0.614662;
./datasets/80Archivos/dna_16;anatomicopathologic;0;0.614662;
./datasets/80Archivos/dna_18;anatomicopathologic;0;0.614662;
./datasets/80Archivos/dna_20;anatomicopathologic;0;0.614662;
./datasets/80Archivos/dna_22;anatomicopathologic;0;0.614662;
./datasets/80Archivos/dna_23;anatomicopathologic;0;0.614662;
./datasets/80Archivos/dna_00;unimpenetrable;0;0.633628;
./datasets/80Archivos/dna_02;unimpenetrable;0;0.633628;
./datasets/80Archivos/dna_05;unimpenetrable;0;0.633628;
./datasets/80Archivos/dna_08;unimpenetrable;0;0.633628;
./datasets/80Archivos/dna_12;unimpenetrable;0;0.633628;
./datasets/80Archivos/dna_16;unimpenetrable;0;0.633628;
./datasets/80Archivos/dna_18;unimpenetrable;0;0.633628;
./datasets/80Archivos/dna_20;unimpenetrable;0;0.633628;
./datasets/80Archivos/dna_22;unimpenetrable;0;0.633628;
./datasets/80Archivos/dna_23;unimpenetrable;0;0.633628;
./datasets/80Archivos/dna_00;hoggy;0;0.778557;
./datasets/80Archivos/dna_02;hoggy;0;0.778557;
./datasets/80Archivos/dna_05;hoggy;0;0.778557;
./datasets/80Archivos/dna_08;hoggy;0;0.778557;
./datasets/80Archivos/dna_12;hoggy;0;0.778557;
./datasets/80Archivos/dna_16;hoggy;0;0.778557;
./datasets/80Archivos/dna_18;hoggy;0;0.778557;
./datasets/80Archivos/dna_20;hoggy;0;0.778557;
./datasets/80Archivos/dna_22;hoggy;0;0.778557;
./datasets/80Archivos/dna_23;hoggy;0;0.778557;
./datasets/80Archivos/dna_00;urrhodin;0;0.710595;
./datasets/80Archivos/dna_02;urrhodin;0;0.710595;
./datasets/80Archivos/dna_05;urrhodin;0;0.710595;
./datasets/80Archivos/dna_08;urrhodin;0;0.710595;
./datasets/80Archivos/dna_12;urrhodin;0;0.710595;
./datasets/80Archivos/dna_16;urrhodin;0;0.710595;
./datasets/80Archivos/dna_18;urrhodin;0;0.710595;
./datasets/80Archivos/dna_20;urrhodin;0;0.710595;
./datasets/80Archivos/dna_22;urrhodin;0;0.710595;
./datasets/80Archivos/dna_23;urrhodin;0;0.710595;
./datasets/80Archivos/dna_00;Dioecia;0;0.708776;
./datasets/80Archivos/dna_02;Dioecia;0;0.708776;
./datasets/80Archivos/dna_05;Dioecia;0;0.708776;
./datasets/80Archivos/dna_08;Dioecia;0;0.708776;
./datasets/80Archivos/dna_12;Dioecia;0;0.708776;
./datasets/80Archivos/dna_16;Dioecia;0;0.708776;
./datasets/80Archivos/dna_18;Dioecia;0;0.708776;
./datasets/80Archivos/dna_20;Dioecia;0;0.708776;
./datasets/80Archivos/dna_22;Dioecia;0;0.708776;
./datasets/80Archivos/dna_23;Dioecia;0;0.708776;
./datasets/80Archivos/dna_00;unchapter;0;0.718753;
./datasets/80Archivos/dna_02;unchapter;0;0.718753;
./datasets/80Archivos/dna_05;unchapter;0;0.718753;
./datasets/80Archivos/dna_08;unchapter;0;0.718753;
./datasets/80Archivos/dna_12;unchapter;0;0.718753;
./datasets/80Archivos/dna_16;unchapter;0;0.718753;
./datasets/80Archivos/dna_18;unchapter;0;0.718753;
./datasets/80Archivos/dna_20;unchapter;0;0.718753;
./datasets/80Archivos/dna_22;unchapter;0;0.718753;
./datasets/80Archivos/dna_23;unchapter;0;0.718753;
./datasets/80Archivos/dna_00;nonumbilicate;0;0.692622;
./datasets/80Archivos/dna_02;nonumbilicate;0;0.692622;
./datasets/80Archivos/dna_05;nonumbilicate;0;0.692622;
./datasets/80Archivos/dna_08;nonumbilicate;0;0.692622;
./datasets/80Archivos/dna_12;nonumbilicate;0;0.692622;
./datasets/80Archivos/dna_16;nonumbilicate;0;0.692622;
./datasets/80Archivos/dna_18;nonumbilicate;0;0.692622;
./datasets/80Archivos/dna_20;nonumbilicate;0;0.692622;
./datasets/80Archivos/dna_22;nonumbilicate;0;0.692622;
./datasets/80Archivos/dna_23;nonumbilicate;0;0.692622;
./datasets/80Archivos/dna_00;zwitterionic;0;0.650635;
./datasets/80Archivos/dna_02;zwitterionic;0;0.650635;
./datasets/80Archivos/dna_05;zwitterionic;0;0.650635;
./datasets/80Archivos/dna_08;zwitterionic;0;0.650635;
./datasets/80Archivos/dna_12;zwitterionic;0;0.650635;
./datasets/80Archivos/dna_16;zwitterionic;0;0.650635;
./datasets/80Archivos/dna_18;zwitterionic;0;0.650635;
./datasets/80Archivos/dna_20;zwitterionic;0;0.650635;
./datasets/80Archivos/dna_22;zwitterionic;0;0.650635;
./datasets/80Archivos/dna_23;zwitterionic;0;0.650635;
./datasets/80Archivos/dna_00;apportionable;0;0.640864;
./datasets/80Archivos/dna_02;apportionable;0;0.640864;
./datasets/80Archivos/dna_05;apportionable;0;0.640864;
./datasets/80Archivos/dna_08;apportionable;0;0.640864;
./datasets/80Archivos/dna_12;apportionable;0;0.640864;
./datasets/80Archivos/dna_16;apportionable;0;0.640864;
./datasets/80Archivos/dna_18;apportionable;0;0.640864;
./datasets/80Archivos/dna_20;apportionable;0;0.640864;
./datasets/80Archivos/dna_22;apportionable;0;0.640864;
./datasets/80Archivos/dna_23;apportionable;0;0.640864;
./datasets/80Archivos/dna_00;ferulic;0;0.715897;
./datasets/80Archivos/dna_02;ferulic;0;0.715897;
./datasets/80Archivos/dna_05;ferulic;0;0.715897;
./datasets/80Archivos/dna_08;ferulic;0;0.715897;
./datasets/80Archivos/dna_12;ferulic;0;0.715897;
./datasets/80Archivos/dna_16;ferulic;0;0.715897;
./datasets/80Archivos/dna_18;ferulic;0;0.715897;
./datasets/80Archivos/dna_20;ferulic;0;0.715897;
./datasets/80Archivos/dna_22;ferulic;0;0.715897;
./datasets/80Archivos/dna_23;ferulic;0;0.715897;
./datasets/80Archivos/dna_00;statefulness;0;0.651632;
./datasets/80Archivos/dna_02;statefulness;0;0.651632;
./datasets/80Archivos/dna_05;statefulness;0;0.651632;
./datasets/80Archivos/dna_08;statefulness;0;0.651632;
./datasets/80Archivos/dna_12;statefulness;0;0.651632;
./datasets/80Archivos/dna_16;statefulness;0;0.651632;
./datasets/80Archivos/dna_18;statefulness;0;0.651632;
./datasets/80Archivos/dna_20;statefulness;0;0.651632;
./datasets/80Archivos/dna_22;statefulness;0;0.651632;
./datasets/80Archivos/dna_23;statefulness;0;0.651632;
./datasets/80Archivos/dna_00;pharyngotonsillitis;0;0.61367;
./datasets/80Archivos/dna_02;pharyngotonsillitis;0;0.61367;
./datasets/80Archivos/dna_05;pharyngotonsillitis;0;0.61367;
./datasets/80Archivos/dna_08;pharyngotonsillitis;0;0.61367;
./datasets/80Archivos/dna_12;pharyngotonsillitis;0;0.61367;
./datasets/80Archivos/dna_16;pharyngotonsillitis;0;0.61367;
./datasets/80Archivos/dna_18;pharyngotonsillitis;0;0.61367;
./datasets/80Archivos/dna_20;pharyngotonsillitis;0;0.61367;
./datasets/80Archivos/dna_22;pharyngotonsillitis;0;0.61367;
./datasets/80Archivos/dna_23;pharyngotonsillitis;0;0.61367;
./datasets/80Archivos/dna_00;Mimulus;0;0.728571;
./datasets/80Archivos/dna_02;Mimulus;0;0.728571;
./datasets/80Archivos/dna_05;Mimulus;0;0.728571;
./datasets/80Archivos/dna_08;Mimulus;0;0.728571;
./datasets/80Archivos/dna_12;Mimulus;0;0.728571;
./datasets/80Archivos/dna_16;Mimulus;0;0.728571;
./datasets/80Archivos/dna_18;Mimulus;0;0.728571;
./datasets/80Archivos/dna_20;Mimulus;0;0.728571;
./datasets/80Archivos/dna_22;Mimulus;0;0.728571;
./datasets/80Archivos/dna_23;Mimulus;0;0.728571;
./datasets/80Archivos/dna_00;recce;0;0.799968;
./datasets/80Archivos/dna_02;recce;0;0.799968;
./datasets/80Archivos/dna_05;recce;0;0.799968;
./datasets/80Archivos/dna_08;recce;0;0.799968;
./datasets/80Archivos/dna_12;recce;0;0.799968;
./datasets/80Archivos/dna_16;recce;0;0.799968;
./datasets/80Archivos/dna_18;recce;0;0.799968;
./datasets/80Archivos/dna_20;recce;0;0.799968;
./datasets/80Archivos/dna_22;recce;0;0.799968;
./datasets/80Archivos/dna_23;recce;0;0.799968;
./datasets/80Archivos/dna_00;mutinously;0;0.665641;
./datasets/80Archivos/dna_02;mutinously;0;0.665641;
./datasets/80Archivos/dna_05;mutinously;0;0.665641;
./datasets/80Archivos/dna_08;mutinously;0;0.665641;
./datasets/80Archivos/dna_12;mutinously;0;0.665641;
./datasets/80Archivos/dna_16;mutinously;0;0.665641;
./datasets/80Archivos/dna_18;mutinously;0;0.665641;
./datasets/80Archivos/dna_20;mutinously;0;0.665641;
./datasets/80Archivos/dna_22;mutinously;0;0.665641;
./datasets/80Archivos/dna_23;mutinously;0;0.665641;
./datasets/80Archivos/dna_00;reboant;0;0.713288;
./datasets/80Archivos/dna_02;reboant;0;0.713288;
./datasets/80Archivos/dna_05;reboant;0;0.713288;
./datasets/80Archivos/dna_08;reboant;0;0.713288;
./datasets/80Archivos/dna_12;reboant;0;0.713288;
./datasets/80Archivos/dna_16;reboant;0;0.713288;
./datasets/80Archivos/dna_18;reboant;0;0.713288;
./datasets/80Archivos/dna_20;reboant;0;0.713288;
./datasets/80Archivos/dna_22;reboant;0;0.713288;
./datasets/80Archivos/dna_23;reboant;0;0.713288;
./datasets/80Archivos/dna_00;marshwort;0;0.676616;
./datasets/80Archivos/dna_02;marshwort;0;0.676616;
./datasets/80Archivos/dna_05;marshwort;0;0.676616;
./datasets/80Archivos/dna_08;marshwort;0;0.676616;
./datasets/80Archivos/dna_12;marshwort;0;0.676616;
./datasets/80Archivos/dna_16;marshwort;0;0.676616;
./datasets/80Archivos/dna_18;marshwort;0;0.676616;
./datasets/80Archivos/dna_20;marshwort;0;0.676616;
./datasets/80Archivos/dna_22;marshwort;0;0.676616;
./datasets/80Archivos/dna_23;marshwort;0;0.676616;
./datasets/80Archivos/dna_00;lupoid;0;0.737188;
./datasets/80Archivos/dna_02;lupoid;0;0.737188;
./datasets/80Archivos/dna_05;lupoid;0;0.737188;
./datasets/80Archivos/dna_08;lupoid;0;0.737188;
./datasets/80Archivos/dna_12;lupoid;0;0.737188;
./datasets/80Archivos/dna_16;lupoid;0;0.737188;
./datasets/80Archivos/dna_18;lupoid;0;0.737188;
./datasets/80Archivos/dna_20;lupoid;0;0.737188;
./datasets/80Archivos/dna_22;lupoid;0;0.737188;
./datasets/80Archivos/dna_23;lupoid;0;0.737188;
./datasets/80Archivos/dna_00;chromatophilic;0;0.636104;
./datasets/80Archivos/dna_02;chromatophilic;0;0.636104;
./datasets/80Archivos/dna_05;chromatophilic;0;0.636104;
./datasets/80Archivos/dna_08;chromatophilic;0;0.636104;
./datasets/80Archivos/dna_12;chromatophilic;0;0.636104;
./datasets/80Archivos/dna_16;chromatophilic;0;0.636104;
./datasets/80Archivos/dna_18;chromatophilic;0;0.636104;
./datasets/80Archivos/dna_20;chromatophilic;0;0.636104;
./datasets/80Archivos/dna_22;chromatophilic;0;0.636104;
./datasets/80Archivos/dna_23;chromatophilic;0;0.636104;
./datasets/80Archivos/dna_00;lauder;0;0.740216;
./datasets/80Archivos/dna_02;lauder;0;0.740216;
./datasets/80Archivos/dna_05;lauder;0;0.740216;
./datasets/80Archivos/dna_08;lauder;0;0.740216;
./datasets/80Archivos/dna_12;lauder;0;0.740216;
./datasets/80Archivos/dna_16;lauder;0;0.740216;
./datasets/80Archivos/dna_18;lauder;0;0.740216;
./datasets/80Archivos/dna_20;lauder;0;0.740216;
./datasets/80Archivos/dna_22;lauder;0;0.740216;
./datasets/80Archivos/dna_23;lauder;0;0.740216;
./datasets/80Archivos/dna_00;nirles;0;0.737578;
./datasets/80Archivos/dna_02;nirles;0;0.737578;
./datasets/80Archivos/dna_05;nirles;0;0.737578;
./datasets/80Archivos/dna_08;nirles;0;0.737578;
./datasets/80Archivos/dna_12;nirles;0;0.737578;
./datasets/80Archivos/dna_16;nirles;0;0.737578;
./datasets/80Archivos/dna_18;nirles;0;0.737578;
./datasets/80Archivos/dna_20;nirles;0;0.737578;
./datasets/80Archivos/dna_22;nirles;0;0.737578;
./datasets/80Archivos/dna_23;nirles;0;0.737578;
./datasets/80Archivos/dna_00;esthesiometer;0;0.643865;
./datasets/80Archivos/dna_02;esthesiometer;0;0.643865;
./datasets/80Archivos/dna_05;esthesiometer;0;0.643865;
./datasets/80Archivos/dna_08;esthesiometer;0;0.643865;
./datasets/80Archivos/dna_12;esthesiometer;0;0.643865;
./datasets/80Archivos/dna_16;esthesiometer;0;0.643865;
./datasets/80Archivos/dna_18;esthesiometer;0;0.643865;
./datasets/80Archivos/dna_20;esthesiometer;0;0.643865;
./datasets/80Archivos/dna_22;esthesiometer;0;0.643865;
./datasets/80Archivos/dna_23;esthesiometer;0;0.643865;
./datasets/80Archivos/dna_00;semisocial;0;0.664237;
./datasets/80Archivos/dna_02;semisocial;0;0.664237;
./datasets/80Archivos/dna_05;semisocial;0;0.664237;
./datasets/80Archivos/dna_08;semisocial;0;0.664237;
./datasets/80Archivos/dna_12;semisocial;0;0.664237;
./datasets/80Archivos/dna_16;semisocial;0;0.664237;
./datasets/80Archivos/dna_18;semisocial;0;0.664237;
./datasets/80Archivos/dna_20;semisocial;0;0.664237;
./datasets/80Archivos/dna_22;semisocial;0;0.664237;
./datasets/80Archivos/dna_23;semisocial;0;0.664237;
./datasets/80Archivos/dna_00;unbeing;0;0.721484;
./datasets/80Archivos/dna_02;unbeing;0;0.721484;
./datasets/80Archivos/dna_05;unbeing;0;0.721484;
./datasets/80Archivos/dna_08;unbeing;0;0.721484;
./datasets/80Archivos/dna_12;unbeing;0;0.721484;
./datasets/80Archivos/dna_16;unbeing;0;0.721484;
./datasets/80Archivos/dna_18;unbeing;0;0.721484;
./datasets/80Archivos/dna_20;unbeing;0;0.721484;
./datasets/80Archivos/dna_22;unbeing;0;0.721484;
./datasets/80Archivos/dna_23;unbeing;0;0.721484;
./datasets/80Archivos/dna_00;kangaroo;0;0.695527;
./datasets/80Archivos/dna_02;kangaroo;0;0.695527;
./datasets/80Archivos/dna_05;kangaroo;0;0.695527;
./datasets/80Archivos/dna_08;kangaroo;0;0.695527;
./datasets/80Archivos/dna_12;kangaroo;0;0.695527;
./datasets/80Archivos/dna_16;kangaroo;0;0.695527;
./datasets/80Archivos/dna_18;kangaroo;0;0.695527;
./datasets/80Archivos/dna_20;kangaroo;0;0.695527;
./datasets/80Archivos/dna_22;kangaroo;0;0.695527;
./datasets/80Archivos/dna_23;kangaroo;0;0.695527;
./datasets/80Archivos/dna_00;takosis;0;0.712448;
./datasets/80Archivos/dna_02;takosis;0;0.712448;
./datasets/80Archivos/dna_05;takosis;0;0.712448;
./datasets/80Archivos/dna_08;takosis;0;0.712448;
./datasets/80Archivos/dna_12;takosis;0;0.712448;
./datasets/80Archivos/dna_16;takosis;0;0.712448;
./datasets/80Archivos/dna_18;takosis;0;0.712448;
./datasets/80Archivos/dna_20;takosis;0;0.712448;
./datasets/80Archivos/dna_22;takosis;0;0.712448;
./datasets/80Archivos/dna_23;takosis;0;0.712448;
./datasets/80Archivos/dna_00;inconvertibility;0;0.621342;
./datasets/80Archivos/dna_02;inconvertibility;0;0.621342;
./datasets/80Archivos/dna_05;inconvertibility;0;0.621342;
./datasets/80Archivos/dna_08;inconvertibility;0;0.621342;
./datasets/80Archivos/dna_12;inconvertibility;0;0.621342;
./datasets/80Archivos/dna_16;inconvertibility;0;0.621342;
./datasets/80Archivos/dna_18;inconvertibility;0;0.621342;
./datasets/80Archivos/dna_20;inconvertibility;0;0.621342;
./datasets/80Archivos/dna_22;inconvertibility;0;0.621342;
./datasets/80Archivos/dna_23;inconvertibility;0;0.621342;
./datasets/80Archivos/dna_00;anesthetist;0;0.65074;
./datasets/80Archivos/dna_02;anesthetist;0;0.65074;
./datasets/80Archivos/dna_05;anesthetist;0;0.65074;
./datasets/80Archivos/dna_08;anesthetist;0;0.65074;
./datasets/80Archivos/dna_12;anesthetist;0;0.65074;
./datasets/80Archivos/dna_16;anesthetist;0;0.65074;
./datasets/80Archivos/dna_18;anesthetist;0;0.65074;
./datasets/80Archivos/dna_20;anesthetist;0;0.65074;
./datasets/80Archivos/dna_22;anesthetist;0;0.65074;
./datasets/80Archivos/dna_23;anesthetist;0;0.65074;
./datasets/80Archivos/dna_00;rumorproof;0;0.663044;
./datasets/80Archivos/dna_02;rumorproof;0;0.663044;
./datasets/80Archivos/dna_05;rumorproof;0;0.663044;
./datasets/80Archivos/dna_08;rumorproof;0;0.663044;
./datasets/80Archivos/dna_12;rumorproof;0;0.663044;
./datasets/80Archivos/dna_16;rumorproof;0;0.663044;
./datasets/80Archivos/dna_18;rumorproof;0;0.663044;
./datasets/80Archivos/dna_20;rumorproof;0;0.663044;
./datasets/80Archivos/dna_22;rumorproof;0;0.663044;
./datasets/80Archivos/dna_23;rumorproof;0;0.663044;
./datasets/80Archivos/dna_00;thoracoscopy;0;0.646506;
./datasets/80Archivos/dna_02;thoracoscopy;0;0.646506;
./datasets/80Archivos/dna_05;thoracoscopy;0;0.646506;
./datasets/80Archivos/dna_08;thoracoscopy;0;0.646506;
./datasets/80Archivos/dna_12;thoracoscopy;0;0.646506;
./datasets/80Archivos/dna_16;thoracoscopy;0;0.646506;
./datasets/80Archivos/dna_18;thoracoscopy;0;0.646506;
./datasets/80Archivos/dna_20;thoracoscopy;0;0.646506;
./datasets/80Archivos/dna_22;thoracoscopy;0;0.646506;
./datasets/80Archivos/dna_23;thoracoscopy;0;0.646506;
./datasets/80Archivos/dna_00;euphorbium;0;0.665621;
./datasets/80Archivos/dna_02;euphorbium;0;0.665621;
./datasets/80Archivos/dna_05;euphorbium;0;0.665621;
./datasets/80Archivos/dna_08;euphorbium;0;0.665621;
./datasets/80Archivos/dna_12;euphorbium;0;0.665621;
./datasets/80Archivos/dna_16;euphorbium;0;0.665621;
./datasets/80Archivos/dna_18;euphorbium;0;0.665621;
./datasets/80Archivos/dna_20;euphorbium;0;0.665621;
./datasets/80Archivos/dna_22;euphorbium;0;0.665621;
./datasets/80Archivos/dna_23;euphorbium;0;0.665621;
./datasets/80Archivos/dna_00;bizet;0;0.774655;
./datasets/80Archivos/dna_02;bizet;0;0.774655;
./datasets/80Archivos/dna_05;bizet;0;0.774655;
./datasets/80Archivos/dna_08;bizet;0;0.774655;
./datasets/80Archivos/dna_12;bizet;0;0.774655;
./datasets/80Archivos/dna_16;bizet;0;0.774655;
./datasets/80Archivos/dna_18;bizet;0;0.774655;
./datasets/80Archivos/dna_20;bizet;0;0.774655;
./datasets/80Archivos/dna_22;bizet;0;0.774655;
./datasets/80Archivos/dna_23;bizet;0;0.774655;
./datasets/80Archivos/dna_00;song;0;0.962054;
./datasets/80Archivos/dna_02;song;0;0.962054;
./datasets/80Archivos/dna_05;song;0;0.962054;
./datasets/80Archivos/dna_08;song;0;0.962054;
./datasets/80Archivos/dna_12;song;0;0.962054;
./datasets/80Archivos/dna_16;song;0;0.962054;
./datasets/80Archivos/dna_18;song;0;0.962054;
./datasets/80Archivos/dna_20;song;0;0.962054;
./datasets/80Archivos/dna_22;song;0;0.962054;
./datasets/80Archivos/dna_23;song;0;0.962054;
./datasets/80Archivos/dna_00;dolichocephali;0;0.663333;
./datasets/80Archivos/dna_02;dolichocephali;0;0.663333;
./datasets/80Archivos/dna_05;dolichocephali;0;0.663333;
./datasets/80Archivos/dna_08;dolichocephali;0;0.663333;
./datasets/80Archivos/dna_12;dolichocephali;0;0.663333;
./datasets/80Archivos/dna_16;dolichocephali;0;0.663333;
./datasets/80Archivos/dna_18;dolichocephali;0;0.663333;
./datasets/80Archivos/dna_20;dolichocephali;0;0.663333;
./datasets/80Archivos/dna_22;dolichocephali;0;0.663333;
./datasets/80Archivos/dna_23;dolichocephali;0;0.663333;
./datasets/80Archivos/dna_00;platemaker;0;0.697721;
./datasets/80Archivos/dna_02;platemaker;0;0.697721;
./datasets/80Archivos/dna_05;platemaker;0;0.697721;
./datasets/80Archivos/dna_08;platemaker;0;0.697721;
./datasets/80Archivos/dna_12;platemaker;0;0.697721;
./datasets/80Archivos/dna_16;platemaker;0;0.697721;
./datasets/80Archivos/dna_18;platemaker;0;0.697721;
./datasets/80Archivos/dna_20;platemaker;0;0.697721;
./datasets/80Archivos/dna_22;platemaker;0;0.697721;
./datasets/80Archivos/dna_23;platemaker;0;0.697721;
./datasets/80Archivos/dna_00;vesicupapular;0;0.655042;
./datasets/80Archivos/dna_02;vesicupapular;0;0.655042;
./datasets/80Archivos/dna_05;vesicupapular;0;0.655042;
./datasets/80Archivos/dna_08;vesicupapular;0;0.655042;
./datasets/80Archivos/dna_12;vesicupapular;0;0.655042;
./datasets/80Archivos/dna_16;vesicupapular;0;0.655042;
./datasets/80Archivos/dna_18;vesicupapular;0;0.655042;
./datasets/80Archivos/dna_20;vesicupapular;0;0.655042;
./datasets/80Archivos/dna_22;vesicupapular;0;0.655042;
./datasets/80Archivos/dna_23;vesicupapular;0;0.655042;
./datasets/80Archivos/dna_00;electroforming;0;0.637107;
./datasets/80Archivos/dna_02;electroforming;0;0.637107;
./datasets/80Archivos/dna_05;electroforming;0;0.637107;
./datasets/80Archivos/dna_08;electroforming;0;0.637107;
./datasets/80Archivos/dna_12;electroforming;0;0.637107;
./datasets/80Archivos/dna_16;electroforming;0;0.637107;
./datasets/80Archivos/dna_18;electroforming;0;0.637107;
./datasets/80Archivos/dna_20;electroforming;0;0.637107;
./datasets/80Archivos/dna_22;electroforming;0;0.637107;
./datasets/80Archivos/dna_23;electroforming;0;0.637107;
./datasets/80Archivos/dna_00;dilatingly;0;0.670722;
./datasets/80Archivos/dna_02;dilatingly;0;0.670722;
./datasets/80Archivos/dna_05;dilatingly;0;0.670722;
./datasets/80Archivos/dna_08;dilatingly;0;0.670722;
./datasets/80Archivos/dna_12;dilatingly;0;0.670722;
./datasets/80Archivos/dna_16;dilatingly;0;0.670722;
./datasets/80Archivos/dna_18;dilatingly;0;0.670722;
./datasets/80Archivos/dna_20;dilatingly;0;0.670722;
./datasets/80Archivos/dna_22;dilatingly;0;0.670722;
./datasets/80Archivos/dna_23;dilatingly;0;0.670722;
./datasets/80Archivos/dna_00;meethelp;0;0.698457;
./datasets/80Archivos/dna_02;meethelp;0;0.698457;
./datasets/80Archivos/dna_05;meethelp;0;0.698457;
./datasets/80Archivos/dna_08;meethelp;0;0.698457;
./datasets/80Archivos/dna_12;meethelp;0;0.698457;
./datasets/80Archivos/dna_16;meethelp;0;0.698457;
./datasets/80Archivos/dna_18;meethelp;0;0.698457;
./datasets/80Archivos/dna_20;meethelp;0;0.698457;
./datasets/80Archivos/dna_22;meethelp;0;0.698457;
./datasets/80Archivos/dna_23;meethelp;0;0.698457;
./datasets/80Archivos/dna_00;loincloth;0;0.696828;
./datasets/80Archivos/dna_02;loincloth;0;0.696828;
./datasets/80Archivos/dna_05;loincloth;0;0.696828;
./datasets/80Archivos/dna_08;loincloth;0;0.696828;
./datasets/80Archivos/dna_12;loincloth;0;0.696828;
./datasets/80Archivos/dna_16;loincloth;0;0.696828;
./datasets/80Archivos/dna_18;loincloth;0;0.696828;
./datasets/80Archivos/dna_20;loincloth;0;0.696828;
./datasets/80Archivos/dna_22;loincloth;0;0.696828;
./datasets/80Archivos/dna_23;loincloth;0;0.696828;
./datasets/80Archivos/dna_00;avowably;0;0.691858;
./datasets/80Archivos/dna_02;avowably;0;0.691858;
./datasets/80Archivos/dna_05;avowably;0;0.691858;
./datasets/80Archivos/dna_08;avowably;0;0.691858;
./datasets/80Archivos/dna_12;avowably;0;0.691858;
./datasets/80Archivos/dna_16;avowably;0;0.691858;
./datasets/80Archivos/dna_18;avowably;0;0.691858;
./datasets/80Archivos/dna_20;avowably;0;0.691858;
./datasets/80Archivos/dna_22;avowably;0;0.691858;
./datasets/80Archivos/dna_23;avowably;0;0.691858;
./datasets/80Archivos/dna_00;counterindicate;0;0.630432;
./datasets/80Archivos/dna_02;counterindicate;0;0.630432;
./datasets/80Archivos/dna_05;counterindicate;0;0.630432;
./datasets/80Archivos/dna_08;counterindicate;0;0.630432;
./datasets/80Archivos/dna_12;counterindicate;0;0.630432;
./datasets/80Archivos/dna_16;counterindicate;0;0.630432;
./datasets/80Archivos/dna_18;counterindicate;0;0.630432;
./datasets/80Archivos/dna_20;counterindicate;0;0.630432;
./datasets/80Archivos/dna_22;counterindicate;0;0.630432;
./datasets/80Archivos/dna_23;counterindicate;0;0.630432;
./datasets/80Archivos/dna_00;treacliness;0;0.655744;
./datasets/80Archivos/dna_02;treacliness;0;0.655744;
./datasets/80Archivos/dna_05;treacliness;0;0.655744;
./datasets/80Archivos/dna_08;treacliness;0;0.655744;
./datasets/80Archivos/dna_12;treacliness;0;0.655744;
./datasets/80Archivos/dna_16;treacliness;0;0.655744;
./datasets/80Archivos/dna_18;treacliness;0;0.655744;
./datasets/80Archivos/dna_20;treacliness;0;0.655744;
./datasets/80Archivos/dna_22;treacliness;0;0.655744;
./datasets/80Archivos/dna_23;treacliness;0;0.655744;
./datasets/80Archivos/dna_00;Epigonus;0;0.691132;
./datasets/80Archivos/dna_02;Epigonus;0;0.691132;
./datasets/80Archivos/dna_05;Epigonus;0;0.691132;
./datasets/80Archivos/dna_08;Epigonus;0;0.691132;
./datasets/80Archivos/dna_12;Epigonus;0;0.691132;
./datasets/80Archivos/dna_16;Epigonus;0;0.691132;
./datasets/80Archivos/dna_18;Epigonus;0;0.691132;
./datasets/80Archivos/dna_20;Epigonus;0;0.691132;
./datasets/80Archivos/dna_22;Epigonus;0;0.691132;
./datasets/80Archivos/dna_23;Epigonus;0;0.691132;
./datasets/80Archivos/dna_00;airmark;0;0.711956;
./datasets/80Archivos/dna_02;airmark;0;0.711956;
./datasets/80Archivos/dna_05;airmark;0;0.711956;
./datasets/80Archivos/dna_08;airmark;0;0.711956;
./datasets/80Archivos/dna_12;airmark;0;0.711956;
./datasets/80Archivos/dna_16;airmark;0;0.711956;
./datasets/80Archivos/dna_18;airmark;0;0.711956;
./datasets/80Archivos/dna_20;airmark;0;0.711956;
./datasets/80Archivos/dna_22;airmark;0;0.711956;
./datasets/80Archivos/dna_23;airmark;0;0.711956;
./datasets/80Archivos/dna_00;polarography;0;0.648113;
./datasets/80Archivos/dna_02;polarography;0;0.648113;
./datasets/80Archivos/dna_05;polarography;0;0.648113;
./datasets/80Archivos/dna_08;polarography;0;0.648113;
./datasets/80Archivos/dna_12;polarography;0;0.648113;
./datasets/80Archivos/dna_16;polarography;0;0.648113;
./datasets/80Archivos/dna_18;polarography;0;0.648113;
./datasets/80Archivos/dna_20;polarography;0;0.648113;
./datasets/80Archivos/dna_22;polarography;0;0.648113;
./datasets/80Archivos/dna_23;polarography;0;0.648113;
./datasets/80Archivos/dna_00;precomposition;0;0.631631;
./datasets/80Archivos/dna_02;precomposition;0;0.631631;
./datasets/80Archivos/dna_05;precomposition;0;0.631631;
./datasets/80Archivos/dna_08;precomposition;0;0.631631;
./datasets/80Archivos/dna_12;precomposition;0;0.631631;
./datasets/80Archivos/dna_16;precomposition;0;0.631631;
./datasets/80Archivos/dna_18;precomposition;0;0.631631;
./datasets/80Archivos/dna_20;precomposition;0;0.631631;
./datasets/80Archivos/dna_22;precomposition;0;0.631631;
./datasets/80Archivos/dna_23;precomposition;0;0.631631;
./datasets/80Archivos/dna_00;lemography;0;0.675431;
./datasets/80Archivos/dna_02;lemography;0;0.675431;
./datasets/80Archivos/dna_05;lemography;0;0.675431;
./datasets/80Archivos/dna_08;lemography;0;0.675431;
./datasets/80Archivos/dna_12;lemography;0;0.675431;
./datasets/80Archivos/dna_16;lemography;0;0.675431;
./datasets/80Archivos/dna_18;lemography;0;0.675431;
./datasets/80Archivos/dna_20;lemography;0;0.675431;
./datasets/80Archivos/dna_22;lemography;0;0.675431;
./datasets/80Archivos/dna_23;lemography;0;0.675431;
./datasets/80Archivos/dna_00;Apinage;0;0.72884;
./datasets/80Archivos/dna_02;Apinage;0;0.72884;
./datasets/80Archivos/dna_05;Apinage;0;0.72884;
./datasets/80Archivos/dna_08;Apinage;0;0.72884;
./datasets/80Archivos/dna_12;Apinage;0;0.72884;
./datasets/80Archivos/dna_16;Apinage;0;0.72884;
./datasets/80Archivos/dna_18;Apinage;0;0.72884;
./datasets/80Archivos/dna_20;Apinage;0;0.72884;
./datasets/80Archivos/dna_22;Apinage;0;0.72884;
./datasets/80Archivos/dna_23;Apinage;0;0.72884;
./datasets/80Archivos/dna_00;Taal;0;0.853458;
./datasets/80Archivos/dna_02;Taal;0;0.853458;
./datasets/80Archivos/dna_05;Taal;0;0.853458;
./datasets/80Archivos/dna_08;Taal;0;0.853458;
./datasets/80Archivos/dna_12;Taal;0;0.853458;
./datasets/80Archivos/dna_16;Taal;0;0.853458;
./datasets/80Archivos/dna_18;Taal;0;0.853458;
./datasets/80Archivos/dna_20;Taal;0;0.853458;
./datasets/80Archivos/dna_22;Taal;0;0.853458;
./datasets/80Archivos/dna_23;Taal;0;0.853458;
./datasets/80Archivos/dna_00;logology;0;0.695594;
./datasets/80Archivos/dna_02;logology;0;0.695594;
./datasets/80Archivos/dna_05;logology;0;0.695594;
./datasets/80Archivos/dna_08;logology;0;0.695594;
./datasets/80Archivos/dna_12;logology;0;0.695594;
./datasets/80Archivos/dna_16;logology;0;0.695594;
./datasets/80Archivos/dna_18;logology;0;0.695594;
./datasets/80Archivos/dna_20;logology;0;0.695594;
./datasets/80Archivos/dna_22;logology;0;0.695594;
./datasets/80Archivos/dna_23;logology;0;0.695594;
./datasets/80Archivos/dna_00;probeer;0;0.724674;
./datasets/80Archivos/dna_02;probeer;0;0.724674;
./datasets/80Archivos/dna_05;probeer;0;0.724674;
./datasets/80Archivos/dna_08;probeer;0;0.724674;
./datasets/80Archivos/dna_12;probeer;0;0.724674;
./datasets/80Archivos/dna_16;probeer;0;0.724674;
./datasets/80Archivos/dna_18;probeer;0;0.724674;
./datasets/80Archivos/dna_20;probeer;0;0.724674;
./datasets/80Archivos/dna_22;probeer;0;0.724674;
./datasets/80Archivos/dna_23;probeer;0;0.724674;
./datasets/80Archivos/dna_00;randomization;0;0.642239;
./datasets/80Archivos/dna_02;randomization;0;0.642239;
./datasets/80Archivos/dna_05;randomization;0;0.642239;
./datasets/80Archivos/dna_08;randomization;0;0.642239;
./datasets/80Archivos/dna_12;randomization;0;0.642239;
./datasets/80Archivos/dna_16;randomization;0;0.642239;
./datasets/80Archivos/dna_18;randomization;0;0.642239;
./datasets/80Archivos/dna_20;randomization;0;0.642239;
./datasets/80Archivos/dna_22;randomization;0;0.642239;
./datasets/80Archivos/dna_23;randomization;0;0.642239;
./datasets/80Archivos/dna_00;poditic;0;0.715464;
./datasets/80Archivos/dna_02;poditic;0;0.715464;
./datasets/80Archivos/dna_05;poditic;0;0.715464;
./datasets/80Archivos/dna_08;poditic;0;0.715464;
./datasets/80Archivos/dna_12;poditic;0;0.715464;
./datasets/80Archivos/dna_16;poditic;0;0.715464;
./datasets/80Archivos/dna_18;poditic;0;0.715464;
./datasets/80Archivos/dna_20;poditic;0;0.715464;
./datasets/80Archivos/dna_22;poditic;0;0.715464;
./datasets/80Archivos/dna_23;poditic;0;0.715464;
./datasets/80Archivos/dna_00;individualize;0;0.642818;
./datasets/80Archivos/dna_02;individualize;0;0.642818;
./datasets/80Archivos/dna_05;individualize;0;0.642818;
./datasets/80Archivos/dna_08;individualize;0;0.642818;
./datasets/80Archivos/dna_12;individualize;0;0.642818;
./datasets/80Archivos/dna_16;individualize;0;0.642818;
./datasets/80Archivos/dna_18;individualize;0;0.642818;
./datasets/80Archivos/dna_20;individualize;0;0.642818;
./datasets/80Archivos/dna_22;individualize;0;0.642818;
./datasets/80Archivos/dna_23;individualize;0;0.642818;
./datasets/80Archivos/dna_00;castigate;0;0.714523;
./datasets/80Archivos/dna_02;castigate;0;0.714523;
./datasets/80Archivos/dna_05;castigate;0;0.714523;
./datasets/80Archivos/dna_08;castigate;0;0.714523;
./datasets/80Archivos/dna_12;castigate;0;0.714523;
./datasets/80Archivos/dna_16;castigate;0;0.714523;
./datasets/80Archivos/dna_18;castigate;0;0.714523;
./datasets/80Archivos/dna_20;castigate;0;0.714523;
./datasets/80Archivos/dna_22;castigate;0;0.714523;
./datasets/80Archivos/dna_23;castigate;0;0.714523;
./datasets/80Archivos/dna_00;Biloculina;0;0.688978;
./datasets/80Archivos/dna_02;Biloculina;0;0.688978;
./datasets/80Archivos/dna_05;Biloculina;0;0.688978;
./datasets/80Archivos/dna_08;Biloculina;0;0.688978;
./datasets/80Archivos/dna_12;Biloculina;0;0.688978;
./datasets/80Archivos/dna_16;Biloculina;0;0.688978;
./datasets/80Archivos/dna_18;Biloculina;0;0.688978;
./datasets/80Archivos/dna_20;Biloculina;0;0.688978;
./datasets/80Archivos/dna_22;Biloculina;0;0.688978;
./datasets/80Archivos/dna_23;Biloculina;0;0.688978;
./datasets/80Archivos/dna_00;overscrub;0;0.691006;
./datasets/80Archivos/dna_02;overscrub;0;0.691006;
./datasets/80Archivos/dna_05;overscrub;0;0.691006;
./datasets/80Archivos/dna_08;overscrub;0;0.691006;
./datasets/80Archivos/dna_12;overscrub;0;0.691006;
./datasets/80Archivos/dna_16;overscrub;0;0.691006;
./datasets/80Archivos/dna_18;overscrub;0;0.691006;
./datasets/80Archivos/dna_20;overscrub;0;0.691006;
./datasets/80Archivos/dna_22;overscrub;0;0.691006;
./datasets/80Archivos/dna_23;overscrub;0;0.691006;
./datasets/80Archivos/dna_00;koolah;0;0.739901;
./datasets/80Archivos/dna_02;koolah;0;0.739901;
./datasets/80Archivos/dna_05;koolah;0;0.739901;
./datasets/80Archivos/dna_08;koolah;0;0.739901;
./datasets/80Archivos/dna_12;koolah;0;0.739901;
./datasets/80Archivos/dna_16;koolah;0;0.739901;
./datasets/80Archivos/dna_18;koolah;0;0.739901;
./datasets/80Archivos/dna_20;koolah;0;0.739901;
./datasets/80Archivos/dna_22;koolah;0;0.739901;
./datasets/80Archivos/dna_23;koolah;0;0.739901;
./datasets/80Archivos/dna_00;weetless;0;0.699089;
./datasets/80Archivos/dna_02;weetless;0;0.699089;
./datasets/80Archivos/dna_05;weetless;0;0.699089;
./datasets/80Archivos/dna_08;weetless;0;0.699089;
./datasets/80Archivos/dna_12;weetless;0;0.699089;
./datasets/80Archivos/dna_16;weetless;0;0.699089;
./datasets/80Archivos/dna_18;weetless;0;0.699089;
./datasets/80Archivos/dna_20;weetless;0;0.699089;
./datasets/80Archivos/dna_22;weetless;0;0.699089;
./datasets/80Archivos/dna_23;weetless;0;0.699089;
./datasets/80Archivos/dna_00;erased;0;0.740941;
./datasets/80Archivos/dna_02;erased;0;0.740941;
./datasets/80Archivos/dna_05;erased;0;0.740941;
./datasets/80Archivos/dna_08;erased;0;0.740941;
./datasets/80Archivos/dna_12;erased;0;0.740941;
./datasets/80Archivos/dna_16;erased;0;0.740941;
./datasets/80Archivos/dna_18;erased;0;0.740941;
./datasets/80Archivos/dna_20;erased;0;0.740941;
./datasets/80Archivos/dna_22;erased;0;0.740941;
./datasets/80Archivos/dna_23;erased;0;0.740941;
./datasets/80Archivos/dna_00;layery;0;0.740163;
./datasets/80Archivos/dna_02;layery;0;0.740163;
./datasets/80Archivos/dna_05;layery;0;0.740163;
./datasets/80Archivos/dna_08;layery;0;0.740163;
./datasets/80Archivos/dna_12;layery;0;0.740163;
./datasets/80Archivos/dna_16;layery;0;0.740163;
./datasets/80Archivos/dna_18;layery;0;0.740163;
./datasets/80Archivos/dna_20;layery;0;0.740163;
./datasets/80Archivos/dna_22;layery;0;0.740163;
./datasets/80Archivos/dna_23;layery;0;0.740163;
./datasets/80Archivos/dna_00;discontinuee;0;0.646921;
./datasets/80Archivos/dna_02;discontinuee;0;0.646921;
./datasets/80Archivos/dna_05;discontinuee;0;0.646921;
./datasets/80Archivos/dna_08;discontinuee;0;0.646921;
./datasets/80Archivos/dna_12;discontinuee;0;0.646921;
./datasets/80Archivos/dna_16;discontinuee;0;0.646921;
./datasets/80Archivos/dna_18;discontinuee;0;0.646921;
./datasets/80Archivos/dna_20;discontinuee;0;0.646921;
./datasets/80Archivos/dna_22;discontinuee;0;0.646921;
./datasets/80Archivos/dna_23;discontinuee;0;0.646921;
./datasets/80Archivos/dna_00;anaphylatoxin;0;0.641053;
./datasets/80Archivos/dna_02;anaphylatoxin;0;0.641053;
./datasets/80Archivos/dna_05;anaphylatoxin;0;0.641053;
./datasets/80Archivos/dna_08;anaphylatoxin;0;0.641053;
./datasets/80Archivos/dna_12;anaphylatoxin;0;0.641053;
./datasets/80Archivos/dna_16;anaphylatoxin;0;0.641053;
./datasets/80Archivos/dna_18;anaphylatoxin;0;0.641053;
./datasets/80Archivos/dna_20;anaphylatoxin;0;0.641053;
./datasets/80Archivos/dna_22;anaphylatoxin;0;0.641053;
./datasets/80Archivos/dna_23;anaphylatoxin;0;0.641053;
./datasets/80Archivos/dna_00;unwounded;0;0.682876;
./datasets/80Archivos/dna_02;unwounded;0;0.682876;
./datasets/80Archivos/dna_05;unwounded;0;0.682876;
./datasets/80Archivos/dna_08;unwounded;0;0.682876;
./datasets/80Archivos/dna_12;unwounded;0;0.682876;
./datasets/80Archivos/dna_16;unwounded;0;0.682876;
./datasets/80Archivos/dna_18;unwounded;0;0.682876;
./datasets/80Archivos/dna_20;unwounded;0;0.682876;
./datasets/80Archivos/dna_22;unwounded;0;0.682876;
./datasets/80Archivos/dna_23;unwounded;0;0.682876;
./datasets/80Archivos/dna_00;personalism;0;0.675035;
./datasets/80Archivos/dna_02;personalism;0;0.675035;
./datasets/80Archivos/dna_05;personalism;0;0.675035;
./datasets/80Archivos/dna_08;personalism;0;0.675035;
./datasets/80Archivos/dna_12;personalism;0;0.675035;
./datasets/80Archivos/dna_16;personalism;0;0.675035;
./datasets/80Archivos/dna_18;personalism;0;0.675035;
./datasets/80Archivos/dna_20;personalism;0;0.675035;
./datasets/80Archivos/dna_22;personalism;0;0.675035;
./datasets/80Archivos/dna_23;personalism;0;0.675035;
./datasets/80Archivos/dna_00;howitzer;0;0.691998;
./datasets/80Archivos/dna_02;howitzer;0;0.691998;
./datasets/80Archivos/dna_05;howitzer;0;0.691998;
./datasets/80Archivos/dna_08;howitzer;0;0.691998;
./datasets/80Archivos/dna_12;howitzer;0;0.691998;
./datasets/80Archivos/dna_16;howitzer;0;0.691998;
./datasets/80Archivos/dna_18;howitzer;0;0.691998;
./datasets/80Archivos/dna_20;howitzer;0;0.691998;
./datasets/80Archivos/dna_22;howitzer;0;0.691998;
./datasets/80Archivos/dna_23;howitzer;0;0.691998;
./datasets/80Archivos/dna_00;hexahydroxy;0;0.656105;
./datasets/80Archivos/dna_02;hexahydroxy;0;0.656105;
./datasets/80Archivos/dna_05;hexahydroxy;0;0.656105;
./datasets/80Archivos/dna_08;hexahydroxy;0;0.656105;
./datasets/80Archivos/dna_12;hexahydroxy;0;0.656105;
./datasets/80Archivos/dna_16;hexahydroxy;0;0.656105;
./datasets/80Archivos/dna_18;hexahydroxy;0;0.656105;
./datasets/80Archivos/dna_20;hexahydroxy;0;0.656105;
./datasets/80Archivos/dna_22;hexahydroxy;0;0.656105;
./datasets/80Archivos/dna_23;hexahydroxy;0;0.656105;
./datasets/80Archivos/dna_00;koku;0;0.844256;
./datasets/80Archivos/dna_02;koku;0;0.844256;
./datasets/80Archivos/dna_05;koku;0;0.844256;
./datasets/80Archivos/dna_08;koku;0;0.844256;
./datasets/80Archivos/dna_12;koku;0;0.844256;
./datasets/80Archivos/dna_16;koku;0;0.844256;
./datasets/80Archivos/dna_18;koku;0;0.844256;
./datasets/80Archivos/dna_20;koku;0;0.844256;
./datasets/80Archivos/dna_22;koku;0;0.844256;
./datasets/80Archivos/dna_23;koku;0;0.844256;
./datasets/80Archivos/dna_00;reamer;0;0.738051;
./datasets/80Archivos/dna_02;reamer;0;0.738051;
./datasets/80Archivos/dna_05;reamer;0;0.738051;
./datasets/80Archivos/dna_08;reamer;0;0.738051;
./datasets/80Archivos/dna_12;reamer;0;0.738051;
./datasets/80Archivos/dna_16;reamer;0;0.738051;
./datasets/80Archivos/dna_18;reamer;0;0.738051;
./datasets/80Archivos/dna_20;reamer;0;0.738051;
./datasets/80Archivos/dna_22;reamer;0;0.738051;
./datasets/80Archivos/dna_23;reamer;0;0.738051;
./datasets/80Archivos/dna_00;tonguiness;0;0.662615;
./datasets/80Archivos/dna_02;tonguiness;0;0.662615;
./datasets/80Archivos/dna_05;tonguiness;0;0.662615;
./datasets/80Archivos/dna_08;tonguiness;0;0.662615;
./datasets/80Archivos/dna_12;tonguiness;0;0.662615;
./datasets/80Archivos/dna_16;tonguiness;0;0.662615;
./datasets/80Archivos/dna_18;tonguiness;0;0.662615;
./datasets/80Archivos/dna_20;tonguiness;0;0.662615;
./datasets/80Archivos/dna_22;tonguiness;0;0.662615;
./datasets/80Archivos/dna_23;tonguiness;0;0.662615;
./datasets/80Archivos/dna_00;microgametocyte;0;0.638023;
./datasets/80Archivos/dna_02;microgametocyte;0;0.638023;
./datasets/80Archivos/dna_05;microgametocyte;0;0.638023;
./datasets/80Archivos/dna_08;microgametocyte;0;0.638023;
./datasets/80Archivos/dna_12;microgametocyte;0;0.638023;
./datasets/80Archivos/dna_16;microgametocyte;0;0.638023;
./datasets/80Archivos/dna_18;microgametocyte;0;0.638023;
./datasets/80Archivos/dna_20;microgametocyte;0;0.638023;
./datasets/80Archivos/dna_22;microgametocyte;0;0.638023;
./datasets/80Archivos/dna_23;microgametocyte;0;0.638023;
./datasets/80Archivos/dna_00;baba;0;0.825863;
./datasets/80Archivos/dna_02;baba;0;0.825863;
./datasets/80Archivos/dna_05;baba;0;0.825863;
./datasets/80Archivos/dna_08;baba;0;0.825863;
./datasets/80Archivos/dna_12;baba;0;0.825863;
./datasets/80Archivos/dna_16;baba;0;0.825863;
./datasets/80Archivos/dna_18;baba;0;0.825863;
./datasets/80Archivos/dna_20;baba;0;0.825863;
./datasets/80Archivos/dna_22;baba;0;0.825863;
./datasets/80Archivos/dna_23;baba;0;0.825863;
./datasets/80Archivos/dna_00;ludefisk;0;0.693118;
./datasets/80Archivos/dna_02;ludefisk;0;0.693118;
./datasets/80Archivos/dna_05;ludefisk;0;0.693118;
./datasets/80Archivos/dna_08;ludefisk;0;0.693118;
./datasets/80Archivos/dna_12;ludefisk;0;0.693118;
./datasets/80Archivos/dna_16;ludefisk;0;0.693118;
./datasets/80Archivos/dna_18;ludefisk;0;0.693118;
./datasets/80Archivos/dna_20;ludefisk;0;0.693118;
./datasets/80Archivos/dna_22;ludefisk;0;0.693118;
./datasets/80Archivos/dna_23;ludefisk;0;0.693118;
